https://hotel-example-site.takeyaqa.dev/ja/index.html,index.html,txt
https://hotel-example-site.takeyaqa.dev/ja/plans.html,plans.html,txt
https://hotel-example-site.takeyaqa.dev/ja/signup.html,signup.html,txt
https://hotel-example-site.takeyaqa.dev/ja/mypage.html,mypage.html,txt
https://hotel-example-site.takeyaqa.dev/ja/login.html,login.html,txt
https://hotel-example-site.takeyaqa.dev,hotel-example-site.takeyaqa.dev,txt
https://hotel-example-site.takeyaqa.dev/ja/about.html,about.html,txt
https://hotel-example-site.takeyaqa.dev/ja/reserve.html?plan-id=0,reserve.html,txt
https://hotel-example-site.takeyaqa.dev/en-US,en-US,txt
https://hotel-example-site.takeyaqa.dev/ja,ja,txt
https://hotel-example-site.takeyaqa.dev/en-US/index.html,index.html,txt
https://hotel-example-site.takeyaqa.dev/en-US/plans.html,plans.html,txt
https://hotel-example-site.takeyaqa.dev/en-US/signup.html,signup.html,txt
https://hotel-example-site.takeyaqa.dev/en-US/mypage.html,mypage.html,txt
https://hotel-example-site.takeyaqa.dev/en-US/login.html,login.html,txt
https://hotel-example-site.takeyaqa.dev/en-US/reserve.html?plan-id=0,reserve.html,txt
